identifier	file	bytes
1550-scrivener-1860	Ἡ καινὴ διαθήκη 1550 (Scrivener 1860)_djvu.txt	2223343
1550-stephanus-textus-receptus	1550 Stephanus Textus Receptus_djvu.txt	2003727
1550TheGreekNewTestamentStephanus	1550 The Greek New Testament Stephanus_djvu.txt	1728463
1730-the-alexandrian-greek-text-1	1730 The Alexandrian Greek Text 1_djvu.txt	3452324
1798-oxford-septuagint-edited-by-holmes-and-parsons-volume-1	1798 - Oxford Septuagint edited by Holmes and Parsons - Volume 1_djvu.txt	10809765
1818-oxford-septuagint-edited-by-holmes-and-parsons-volume-2	1818 - Oxford Septuagint edited by Holmes and Parsons - Volume 2_djvu.txt	12581916
1823-oxford-septuagint-edited-by-holmes-and-parsons-volume-3	1823 - Oxford Septuagint edited by Holmes and Parsons - Volume 3_djvu.txt	5637232
1827-oxford-septuagint-edited-by-holmes-and-parsons-volume-4-5	1827 - Oxford Septuagint edited by Holmes and Parsons - Volume 4 & 5_djvu.txt	11932875
31383040993688	31383040993688_djvu.txt	1350051
A208086	A208086_djvu.txt	3254632
aleppo-codex-tanakh-full-scan-images	Aleppo_Codex_Tanakh_full_scan_djvu.txt	1382194
ARes162051	ARes162051_djvu.txt	1914492
ARes162052	ARes162052_djvu.txt	2787727
armenian_zohrab_nt	armenian_zohrab_bible_new_testament_djvu.txt	2203839
bensirascrollfro0000yadi	bensirascrollfro0000yadi_djvu.txt	437190
bezaecodexcanta00cambgoog	bezaecodexcanta00cambgoog_djvu.txt	1708279
Biblia_Hebraica_Van_der_Hooght_Amsterdam_1705_Volumes_AB_Torah_and_Former_Prophets	Biblia Hebraica Van der Hooght Amsterdam 1705 Volumes A-B Torah and Former Prophets_djvu.txt	1975621
biblia-sacra-hebraice-chaldaice-graece-latine-benedicti-ariae-montani-sacrorum-bibliorum-tomus-1569	Biblia Sacra Hebraice, Chaldaice, Graece et Latine [cura et studio Benedicti Ariæ Montani] Sacrorum Bibliorum 01 Tomums Primus, Qvinqve Libri Moysi 1569_djvu.txt	3920744
biblia-sacra-hebraice-chaldaice-graece-latine-benedicti-ariae-montani-sacrorum-bibliorum-tomus-1569	Biblia Sacra Hebraice, Chaldaice, Graece et Latine [cura et studio Benedicti Ariæ Montani] Sacrorum Bibliorum 02 Tomus Secundus, Prophetae Priores 1569_djvu.txt	3884693
biblia-sacra-hebraice-chaldaice-graece-latine-benedicti-ariae-montani-sacrorum-bibliorum-tomus-1569	Biblia Sacra Hebraice, Chaldaice, Graece et Latine [cura et studio Benedicti Ariæ Montani] Sacrorum Bibliorum 03 Tomus Tertius, Sancti Libri 1569_djvu.txt	3633410
biblia-sacra-hebraice-chaldaice-graece-latine-benedicti-ariae-montani-sacrorum-bibliorum-tomus-1569	Biblia Sacra Hebraice, Chaldaice, Graece et Latine [cura et studio Benedicti Ariæ Montani] Sacrorum Bibliorum 04 Tomus Quartus, Prophetae Posteriores 1570_djvu.txt	4370955
biblia-sacra-hebraice-chaldaice-graece-latine-benedicti-ariae-montani-sacrorum-bibliorum-tomus-1569	Biblia Sacra Hebraice, Chaldaice, Graece et Latine [cura et studio Benedicti Ariæ Montani] Sacrorum Bibliorum 05 Tomus Quintus, Novvm Iesv Christi D.N. Testamentvm 1571_djvu.txt	3906131
biblia-sacra-hebraice-chaldaice-graece-latine-benedicti-ariae-montani-sacrorum-bibliorum-tomus-1569	Biblia Sacra Hebraice, Chaldaice, Graece et Latine [cura et studio Benedicti Ariæ Montani] Sacrorum Bibliorum 06 Tomus Sextus, Lexicon Graecum 1572_djvu.txt	6582224
biblia-sacra-hebraice-chaldaice-graece-latine-benedicti-ariae-montani-sacrorum-bibliorum-tomus-1569	Biblia Sacra Hebraice, Chaldaice, Graece et Latine [cura et studio Benedicti Ariæ Montani] Sacrorum Bibliorum 07 Tomus Septimus, Communes 1572 _djvu.txt	6318073
biblia-sacra-hebraice-chaldaice-graece-latine-benedicti-ariae-montani-sacrorum-bibliorum-tomus-1569	Biblia Sacra Hebraice, Chaldaice, Graece et Latine [cura et studio Benedicti Ariæ Montani] Sacrorum Bibliorum 08 Tomus Octavus, Liber Ioseph 1571 _djvu.txt	3140173
biblia-sacra-polyglotta-complectentia-edidit-brianus-waltonus-lombart-hollar-roycroft-1657	Biblia Sacra Polyglotta Complectentia [Edidit Brianus Waltonus, Pierre Lombart, Václav Hollar] Imprinted London by Thomas Roycroft (Tomus 1) 1657_djvu.txt	8853605
biblia-sacra-polyglotta-complectentia-edidit-brianus-waltonus-lombart-hollar-roycroft-1657	Biblia Sacra Polyglotta Complectentia [Edidit Brianus Waltonus, Pierre Lombart, Václav Hollar] Imprinted London by Thomas Roycroft (Tomus 2) 1657_djvu.txt	6712969
biblia-sacra-polyglotta-complectentia-edidit-brianus-waltonus-lombart-hollar-roycroft-1657	Biblia Sacra Polyglotta Complectentia [Edidit Brianus Waltonus, Pierre Lombart, Václav Hollar] Imprinted London by Thomas Roycroft (Tomus 3) 1657_djvu.txt	9844921
biblia-sacra-polyglotta-complectentia-edidit-brianus-waltonus-lombart-hollar-roycroft-1657	Biblia Sacra Polyglotta Complectentia [Edidit Brianus Waltonus, Pierre Lombart, Václav Hollar] Imprinted London by Thomas Roycroft (Tomus 4) 1657_djvu.txt	6870366
biblia-sacra-polyglotta-complectentia-edidit-brianus-waltonus-lombart-hollar-roycroft-1657	Biblia Sacra Polyglotta Complectentia [Edidit Brianus Waltonus, Pierre Lombart, Václav Hollar] Imprinted London by Thomas Roycroft (Tomus 5 Novum Testamentum) 1657 IC_djvu.txt	6996075
biblia-sacra-polyglotta-complectentia-edidit-brianus-waltonus-lombart-hollar-roycroft-1657	Biblia Sacra Polyglotta Complectentia [Edidit Brianus Waltonus, Pierre Lombart, Václav Hollar] Imprinted London by Thomas Roycroft (Tomus 5 Novum Testamentum) 1657 PB_djvu.txt	8720575
biblia-sacra-polyglotta-complectentia-edidit-brianus-waltonus-lombart-hollar-roycroft-1657	Biblia Sacra Polyglotta Complectentia [Edidit Brianus Waltonus, Pierre Lombart, Václav Hollar] Imprinted London by Thomas Roycroft (Tomus 6) 1657_djvu.txt	7851810
bibliasiriechkni04luik	bibliasiriechkni04luik_djvu.txt	1767383
bibliorumsacroru00flor	bibliorumsacroru00flor_djvu.txt	10427
bibliorumsacroru01saba	bibliorumsacroru01saba_djvu.txt	7326955
BibliorumSacrorumLatinaeVersionesAntiquaeSeuVetusItalicaEtCaeterae	Bibliorum_sacrorum_latinae_versiones_antTomusTertius_djvu.txt	9036487
bim_early-english-books-1475-1640_lexicon-heptaglotton-_castell-edmund_1669	bim_early-english-books-1475-1640_lexicon-heptaglotton-_castell-edmund_1669_djvu.txt	15749300
bim_early-english-books-1641-1700_biblia-sacra-polyglotta-_bible-polyglot_1657_2	bim_early-english-books-1641-1700_biblia-sacra-polyglotta-_bible-polyglot_1657_2_djvu.txt	8999970
bim_eighteenth-century_novum-testamentum-graece_1796_1	bim_eighteenth-century_novum-testamentum-graece_1796_1_djvu.txt	1377455
bim_eighteenth-century_novum-testamentum-graece_1806_2	bim_eighteenth-century_novum-testamentum-graece_1806_2_djvu.txt	1621379
bim_eighteenth-century_septuaginta-interpretum-_grabe-joannes-ernestus_1707_1	bim_eighteenth-century_septuaginta-interpretum-_grabe-joannes-ernestus_1707_1_djvu.txt	1199980
bub_gb_8JNhAAAAcAAJ	bub_gb_8JNhAAAAcAAJ_djvu.txt	429694
bub_gb_ardIAAAAcAAJ	bub_gb_ardIAAAAcAAJ_djvu.txt	4214035
bub_gb_CGUUAAAAQAAJ	bub_gb_CGUUAAAAQAAJ_djvu.txt	1184605
bub_gb__sQopDoeVQ8C	bub_gb__sQopDoeVQ8C_djvu.txt	1907703
codexalexandrinu00woid	codexalexandrinu00woid_djvu.txt	2023435
codex-alexandrinus	CodexAlexandrinus_djvu.txt	10194071
codexamiatinus00jero	codexamiatinus00jero_djvu.txt	1302611
CodexApocryphusNoviTestamenti1	Codex_apocryphus_Novi_Testamenti_djvu.txt	1410758
codexargenteuss00wulfgoog	codexargenteuss00wulfgoog_djvu.txt	643737
codexargenteussi0000kleb	codexargenteussi0000kleb_djvu.txt	16699
complutensianpolyglot	Volume 1/01Imgenes1a100_djvu.txt	690154
complutensianpolyglot	Volume 1/02Imgenes101a200_djvu.txt	744621
complutensianpolyglot	Volume 1/03Imgenes201a300_djvu.txt	744007
complutensianpolyglot	Volume 1/04Imgenes301a400_djvu.txt	740816
complutensianpolyglot	Volume 1/05Imgenes401a500_djvu.txt	732644
complutensianpolyglot	Volume 1/06Imgenes501a599_djvu.txt	701515
complutensianpolyglot	Volume 2 &3/07Imgenes1a98_djvu.txt	719129
complutensianpolyglot	Volume 2 &3/08Imgenes99a198_djvu.txt	733141
complutensianpolyglot	Volume 2 &3/09Imgenes199a298_djvu.txt	760578
complutensianpolyglot	Volume 2 &3/10Imgenes299a398_djvu.txt	790146
complutensianpolyglot	Volume 2 &3/11Imgenes399a498_djvu.txt	805451
complutensianpolyglot	Volume 2 &3/12Imgenes499a598_djvu.txt	806852
complutensianpolyglot	Volume 2 &3/13Imgenes599a698_djvu.txt	794929
complutensianpolyglot	Volume 2 &3/14Imgenes699a798_djvu.txt	770889
complutensianpolyglot	Volume 2 &3/15Imgenes799a898_djvu.txt	865981
complutensianpolyglot	Volume 2 &3/16Imgenes899a921_djvu.txt	222436
complutensianpolyglot	Volume 4/17Imgenes1a96_djvu.txt	762359
complutensianpolyglot	Volume 4/18Imgenes97a196_djvu.txt	776771
complutensianpolyglot	Volume 4/19Imgenes197a296_djvu.txt	776157
complutensianpolyglot	Volume 4/20Imgenes297a396_djvu.txt	752230
complutensianpolyglot	Volume 4/21Imgenes397a496_djvu.txt	836902
complutensianpolyglot	Volume 4/22Imgenes497a532_djvu.txt	329037
complutensianpolyglot	Volume 5/23Imgenes1a96_djvu.txt	585574
complutensianpolyglot	Volume 5/24Imgenes97a196_djvu.txt	630265
complutensianpolyglot	Volume 5/25Imgenes197a296_djvu.txt	627421
complutensianpolyglot	Volume 5/26Imgenes297a396_djvu.txt	617907
complutensianpolyglot	Volume 5/27Imgenes397a496_djvu.txt	615862
complutensianpolyglot	Volume 5/28Imgenes497a542_djvu.txt	258579
complutensianpolyglot	Volume 6/29Imgenes1a96_djvu.txt	762297
complutensianpolyglot	Volume 6/30Imgenes97a196_djvu.txt	810031
complutensianpolyglot	Volume 6/31Imgenes197a296_djvu.txt	810829
complutensianpolyglot	Volume 6/32Imgenes297a396_djvu.txt	720666
complutensianpolyglot	Volume 6/33Imgenes397a444_djvu.txt	328126
complutensianpolyglot	pdf spanish/1/Imgenes101a200_djvu.txt	744621
complutensianpolyglot	pdf spanish/1/Imgenes1a100_djvu.txt	687502
complutensianpolyglot	pdf spanish/1/Imgenes201a300_djvu.txt	743324
complutensianpolyglot	pdf spanish/1/Imgenes301a400_djvu.txt	741041
complutensianpolyglot	pdf spanish/1/Imgenes401a500_djvu.txt	712686
complutensianpolyglot	pdf spanish/1/Imgenes501a599_djvu.txt	714558
complutensianpolyglot	pdf spanish/2-3/Imgenes199a298_djvu.txt	750979
complutensianpolyglot	pdf spanish/2-3/Imgenes1a98_djvu.txt	718208
complutensianpolyglot	pdf spanish/2-3/Imgenes299a398_djvu.txt	777437
complutensianpolyglot	pdf spanish/2-3/Imgenes399a498_djvu.txt	794689
complutensianpolyglot	pdf spanish/2-3/Imgenes499a598_djvu.txt	817713
complutensianpolyglot	pdf spanish/2-3/Imgenes599a698_djvu.txt	811132
complutensianpolyglot	pdf spanish/2-3/Imgenes699a798_djvu.txt	762340
complutensianpolyglot	pdf spanish/2-3/Imgenes799a898_djvu.txt	868721
complutensianpolyglot	pdf spanish/2-3/Imgenes899a921_djvu.txt	226501
complutensianpolyglot	pdf spanish/2-3/Imgenes99a198_djvu.txt	729929
complutensianpolyglot	pdf spanish/4/Imgenes197a296_djvu.txt	776157
complutensianpolyglot	pdf spanish/4/Imgenes1a96_djvu.txt	763980
complutensianpolyglot	pdf spanish/4/Imgenes297a396_djvu.txt	752230
complutensianpolyglot	pdf spanish/4/Imgenes397a496_djvu.txt	838467
complutensianpolyglot	pdf spanish/4/Imgenes497a532_djvu.txt	320644
complutensianpolyglot	pdf spanish/4/Imgenes97a196_djvu.txt	777737
complutensianpolyglot	pdf spanish/5/Imgenes197a296_djvu.txt	630560
complutensianpolyglot	pdf spanish/5/Imgenes1a96_djvu.txt	585574
complutensianpolyglot	pdf spanish/5/Imgenes297a396_djvu.txt	613249
complutensianpolyglot	pdf spanish/5/Imgenes397a496_djvu.txt	610626
complutensianpolyglot	pdf spanish/5/Imgenes497a542_djvu.txt	252645
complutensianpolyglot	pdf spanish/5/Imgenes97a196_djvu.txt	629779
complutensianpolyglot	pdf spanish/6/Imgenes197a296_djvu.txt	810331
complutensianpolyglot	pdf spanish/6/Imgenes1a96_djvu.txt	762297
complutensianpolyglot	pdf spanish/6/Imgenes297a396_djvu.txt	719085
complutensianpolyglot	pdf spanish/6/Imgenes397a444_djvu.txt	328126
complutensianpolyglot	pdf spanish/6/Imgenes97a196_djvu.txt	809783
complutensian_polyglot_bible	cplowres_djvu.txt	20655414
ComplutensianPolyglotBibleOldTestamentNewTestament	01.ComplutensianPolyglot.OT.1520._djvu.txt	23564552
ComplutensianPolyglotBibleOldTestamentNewTestament	02.ComplutensianPolyglot.NT.1520._djvu.txt	9841565
dioalbertibengel00beng	dioalbertibengel00beng_djvu.txt	2870030
erasmustextusreceptus1stedition1516	Erasmus' Textus Receptus 1st edition 1516_djvu.txt	6961896
firstgermanicbib00ulfi	firstgermanicbib00ulfi_djvu.txt	1951010
first-rabbinic-bible-venice-1518-full-images	First_Rabbinic_Bible_Venice_1518_Full_djvu.txt	14754476
gothicanglosax00ulfi	gothicanglosax00ulfi_djvu.txt	2118962
GRCNA28_DBS_HS	Greek-(1517)-Complutensian-Polyglot-Bible-(Latin-Hebrew)_djvu.txt	33484022
greeknewtestamen01treg	greeknewtestamen01treg_djvu.txt	1956943
hekainediatheken00clem	hekainediatheken00clem_djvu.txt	7336558
hekainediatheken00grie	hekainediatheken00grie_djvu.txt	1960447
hekainediatheken00grie_0	hekainediatheken00grie_0_djvu.txt	2070866
hekainediatheken00mill	hekainediatheken00mill_djvu.txt	1830161
hkaindiathknovum00woid	hkaindiathknovum00woid_djvu.txt	2125052
jesu-christi-domini-nostri-novum-testamentum-sive-novum-foedus-cujus-graeco-theodori-bezae-1598	Jesu Christi Domini nostri Novum Testamentum, sive, Novum Foedus Cujus graeco contextui respondent interpretationes duae, Una Vetus, Altera, Theodori Bezae (X2990 Interlinear) 1598_djvu.txt	8708097
jesu-christi-iesv-christi-d.-n.-novum-testamentum-sive-novum-foedus-cuius-graeco-theodori-bezae-1565	Jesu Christi IESV CHRISTI D.N. Novum Testamentum, sive, Novum foedus cuius Graeco contextui respondent interpretationes duae una, vetus altera, Theodori Bezae 1565 (me eum esse)_djvu.txt	6819916
kennicott_vetus-testamentum-hebraicum-cum-variis-lectionibus-1776	kennicott_vetus-testamentum-hebraicum-cum-variis-lectionibus-1776_djvu.txt	18591915
LATSEPT_DBS_HS	Latin-(1587)-Septuigant-Vetus-Testamentum-Iuxta-Septuaginta_djvu.txt	4348970
LexiconHeptaglotton	Lexicon Heptaglotton II_djvu.txt	8161330
LexiconHeptaglotton	Lexicon Heptaglotton I_djvu.txt	7253307
mikraot_gdolot	Joshua, Judges, Samuel, Kings_djvu.txt	6165310
mikraot_gdolot	Major and minor prophets_djvu.txt	6757279
mikraot_gdolot	Torah_djvu.txt	8195774
mikraot_gdolot	Writings_djvu.txt	9325248
Miqraot-Gedolot-First-Edition_Venice_1517	Miqra'ot Gedolot_First Edition_Venice_1517_djvu.txt	2352759
ned-kbn-all-00002699-001	ned-kbn-all-00002699-001_djvu.txt	1388807
nouuminstrument00eras	nouuminstrument00eras_djvu.txt	2501157
novum-instrumentum-omne-diligenter-ab-erasmo-roterodamo-greek-latin-1516	Novum instrumentum omne, diligenter ab Erasmo Roterodamo recognitum & emendatum, non solum ad graecam ueritatem [Novum Testamentum by Desiderius Erasmus Roterodamus Greek-Latin] 1516_djvu.txt	1891482
novumtestamentu00baskgoog	novumtestamentu00baskgoog_djvu.txt	1877197
novumtestamentu01mattgoog	novumtestamentu01mattgoog_djvu.txt	929969
novumtestamentum00mill	novumtestamentum00mill_djvu.txt	1958814
novumtestamentum01grie	novumtestamentum01grie_djvu.txt	2752384
novumtestamentum02grie	novumtestamentum02grie_djvu.txt	2358726
NovumTestamentumIuxtaGraecorumLectionemExEmendatioribusExemplaribusVet	Novum testamentum iuxta Graecorum lectionem ex emendatioribus exemplaribus & vet_djvu.txt	5284921
NovumTestamentumIuxtaGraecorumLectionemExEmendatioribusExemplaribusVet	[Tl. 1]_djvu.txt	5383901
novum-testamentum-sive-foedus-jesu-christi-d.-n.-graece-et-latine-theodoro-beza-interprete-1565	Novum Testamentum, sive foedus, Jesu Christi D.N. graece et latine, Theodoro Beza interprete 1565 (Ego is Sum)_djvu.txt	2497425
novvm-testamentvm-omne-mvlto-quam-antehac-diligentius-ab-erasmo-roterodamo-1519	Novvm Testamentvm Omne Mvlto Quam Antehac Diligentius ab Erasmo Roterodamo recognitu Graecam [Erasmus Desiderius] 1519 (ego sum ille)_djvu.txt	2613438
OldTestamentInClassicalArmenian	Gr_Arm_Zohrab_OT_djvu.txt	1149270
OldTestamentInClassicalArmenian-3	ZohrabOT3_djvu.txt	737094
origenishexaplor02origuoft	origenishexaplor02origuoft_djvu.txt	5448884
origenis-hexaplorum-t.-1-1875	HEBR - Field - Hexaplorum quae supersunt, t.1, 2012_djvu.txt	4364012
origenis-hexaplorum-t.-2-1875	HEBR - Field - Hexaplorum quae supersunt, t.2, 2012_djvu.txt	5526313
originalhebrewof00cowlrich	originalhebrewof00cowlrich_djvu.txt	259883
originalhebrewof00marg	originalhebrewof00marg_djvu.txt	61302
OstrogBiblija1581	OstrogBiblija1581_djvu.txt	7171511
polyglotcomplutensis	Vol 1_djvu.txt	3865244
polyglotcomplutensis	Vol 2-3_djvu.txt	6095849
polyglotcomplutensis	Vol 4_djvu.txt	3602040
polyglotcomplutensis	Vol 5_djvu.txt	2740751
polyglotcomplutensis	Vol 6_djvu.txt	3571529
polyglotcomplutensis	polyglotcomplutensis_djvu.txt	19683738
roterodamvs-erasmus-novum-testamentum-1522	ROTERODAMVS, Erasmus - Novum Testamentum [1522]_djvu.txt	2385381
second-rabbinic-bible-venice-1525-bw-full-images	Second_Rabbinic_Bible_Venice_1525_BW_Full_djvu.txt	22840097
second-rabbinic-bible-venice-1525-color-full-images	Second_Rabbinic_Bible_Venice_1525_Color_Full_djvu.txt	15676002
tanakh-soncino-1488-jb-738.1-2-images	Tanakh_Soncino_1488_JB738.1-2_djvu.txt	1680138
textusreceptusstephanus1550	TEXTUSRECEPTUSStephanus1550_djvu.txt	2273650
tischendorf-ntg-vol.-1-gospels-8th-ed.-critica-maior-1869	Tischendorf_NTG, vol. 1 - Gospels [8th ed., critica maior] (1869)_djvu.txt	5773495
tischendorf-ntg-vol.-2-acts-to-apoc.-8th-ed.-critica-maior-1872	Tischendorf_NTG, vol. 2 - Acts to Apoc. [8th ed., critica maior] (1872)_djvu.txt	4068207
VariaeLectiones	Variae Lectiones 1_djvu.txt	828043
VariaeLectiones	Variae Lectiones 2_djvu.txt	840781
VariaeLectiones	Variae Lectiones 3_djvu.txt	833169
VariaeLectiones	Variae Lectiones 4_djvu.txt	809160
vetustestamentum01kenn	vetustestamentum01kenn_djvu.txt	6017795
vetustestamentum02kenn	vetustestamentum02kenn_djvu.txt	5717090
VetusTestamentumGraecumCumVariisLecVol101Genesis	Vetus_Testamentum_Graecum_cum_variis_lec-Vol5-01-1Ezdras_djvu.txt	485665
VetusTestamentumGraecumCumVariisLecVol101Genesis	Vetus_Testamentum_Graecum_cum_variis_lec-Vol5-02-Tobit_djvu.txt	246340
VetusTestamentumGraecumCumVariisLecVol101Genesis	Vetus_Testamentum_Graecum_cum_variis_lec-Vol5-03-Judith_djvu.txt	419203
VetusTestamentumGraecumCumVariisLecVol101Genesis	Vetus_Testamentum_Graecum_cum_variis_lec-Vol5-04-Baruch-Epistile of Jeremiah_djvu.txt	172160
VetusTestamentumGraecumCumVariisLecVol101Genesis	Vetus_Testamentum_Graecum_cum_variis_lec-Vol5-05-Susana-Dragon_djvu.txt	171485
VetusTestamentumGraecumCumVariisLecVol101Genesis	Vetus_Testamentum_Graecum_cum_variis_lec-Vol5-06-Wisdom of Solomon_djvu.txt	212743
VetusTestamentumGraecumCumVariisLecVol101Genesis	Vetus_Testamentum_Graecum_cum_variis_lec-Vol5-07-Sirach_djvu.txt	827224
VetusTestamentumGraecumCumVariisLecVol101Genesis	Vetus_Testamentum_Graecum_cum_variis_lec-Vol5-08-1Maccabees_djvu.txt	987827
VetusTestamentumGraecumCumVariisLecVol101Genesis	Vetus_Testamentum_Graecum_cum_variis_lec-Vol5-09-2Maccabees_djvu.txt	482923
VetusTestamentumGraecumCumVariisLecVol101Genesis	Vetus_Testamentum_Graecum_cum_variis_lec-Vol5-10-3Maccabees_djvu.txt	229739
VetusTestamentumGraecumCumVariisLecVol101Genesis	Vetus_Testamentum_Graecum_cum_variis_lec-Vol5-11-Addenda_Et_Emendanda_In_Tom3-5_djvu.txt	66510
VetusTestamentumGraecumCumVariisLecVol101Genesis	Vetus_Testamentum_Graecum_cum_variis_lec-vol1-00-Introduction_djvu.txt	405175
VetusTestamentumGraecumCumVariisLecVol101Genesis	Vetus_Testamentum_Graecum_cum_variis_lec-vol1-01-Genesis_djvu.txt	2362051
VetusTestamentumGraecumCumVariisLecVol101Genesis	Vetus_Testamentum_Graecum_cum_variis_lec-vol1-02-Exodus_djvu.txt	2114443
VetusTestamentumGraecumCumVariisLecVol101Genesis	Vetus_Testamentum_Graecum_cum_variis_lec-vol1-03-Leviticus_djvu.txt	1565768
VetusTestamentumGraecumCumVariisLecVol101Genesis	Vetus_Testamentum_Graecum_cum_variis_lec-vol1-04-Numbers_djvu.txt	2004100
VetusTestamentumGraecumCumVariisLecVol101Genesis	Vetus_Testamentum_Graecum_cum_variis_lec-vol1-05-Deuteronomy_djvu.txt	2231157
VetusTestamentumGraecumCumVariisLecVol101Genesis	Vetus_Testamentum_Graecum_cum_variis_lec-vol1-06-Adenda_Et_Emendanda_In_Tomo_I_djvu.txt	173012
VetusTestamentumGraecumCumVariisLecVol101Genesis	Vetus_Testamentum_Graecum_cum_variis_lec-vol2-01-Introduction_djvu.txt	20806
VetusTestamentumGraecumCumVariisLecVol101Genesis	Vetus_Testamentum_Graecum_cum_variis_lec-vol2-02-Joshua_djvu.txt	1862047
VetusTestamentumGraecumCumVariisLecVol101Genesis	Vetus_Testamentum_Graecum_cum_variis_lec-vol2-03-Judges_djvu.txt	2046094
VetusTestamentumGraecumCumVariisLecVol101Genesis	Vetus_Testamentum_Graecum_cum_variis_lec-vol2-04-Ruth_djvu.txt	257830
VetusTestamentumGraecumCumVariisLecVol101Genesis	Vetus_Testamentum_Graecum_cum_variis_lec-vol2-05-1Kings_djvu.txt	1907279
VetusTestamentumGraecumCumVariisLecVol101Genesis	Vetus_Testamentum_Graecum_cum_variis_lec-vol2-06-2Kings_djvu.txt	1451118
VetusTestamentumGraecumCumVariisLecVol101Genesis	Vetus_Testamentum_Graecum_cum_variis_lec-vol2-07-3Kings_djvu.txt	1606286
VetusTestamentumGraecumCumVariisLecVol101Genesis	Vetus_Testamentum_Graecum_cum_variis_lec-vol2-08-4Kings_djvu.txt	1440969
VetusTestamentumGraecumCumVariisLecVol101Genesis	Vetus_Testamentum_Graecum_cum_variis_lec-vol2-09-1Chronicles_djvu.txt	1108762
VetusTestamentumGraecumCumVariisLecVol101Genesis	Vetus_Testamentum_Graecum_cum_variis_lec-vol2-10-2Chronicles_djvu.txt	1020585
VetusTestamentumGraecumCumVariisLecVol101Genesis	Vetus_Testamentum_Graecum_cum_variis_lec-vol2-11-Appendix_djvu.txt	74262
VetusTestamentumGraecumCumVariisLecVol101Genesis	Vetus_Testamentum_Graecum_cum_variis_lec-vol3-01-Ezdra_djvu.txt	322704
VetusTestamentumGraecumCumVariisLecVol101Genesis	Vetus_Testamentum_Graecum_cum_variis_lec-vol3-02-Nehemiah_djvu.txt	444610
VetusTestamentumGraecumCumVariisLecVol101Genesis	Vetus_Testamentum_Graecum_cum_variis_lec-vol3-03-Esther_djvu.txt	462823
VetusTestamentumGraecumCumVariisLecVol101Genesis	Vetus_Testamentum_Graecum_cum_variis_lec-vol3-04-Job_djvu.txt	923376
VetusTestamentumGraecumCumVariisLecVol101Genesis	Vetus_Testamentum_Graecum_cum_variis_lec-vol3-05-Psalms_djvu.txt	2591027
VetusTestamentumGraecumCumVariisLecVol101Genesis	Vetus_Testamentum_Graecum_cum_variis_lec-vol3-06-Proverbs_djvu.txt	588379
VetusTestamentumGraecumCumVariisLecVol101Genesis	Vetus_Testamentum_Graecum_cum_variis_lec-vol3-07-Ecclesiastes_djvu.txt	230152
VetusTestamentumGraecumCumVariisLecVol101Genesis	Vetus_Testamentum_Graecum_cum_variis_lec-vol3-08-Canticum_djvu.txt	102426
VetusTestamentumGraecumCumVariisLecVol101Genesis	Vetus_testamentum_graecum_cum_variis_lec-vol4-01-Isaiah_djvu.txt	1655601
VetusTestamentumGraecumCumVariisLecVol101Genesis	Vetus_testamentum_graecum_cum_variis_lec-vol4-02-Jeremiah_djvu.txt	1989978
VetusTestamentumGraecumCumVariisLecVol101Genesis	Vetus_testamentum_graecum_cum_variis_lec-vol4-03-Lamentation_djvu.txt	159822
VetusTestamentumGraecumCumVariisLecVol101Genesis	Vetus_testamentum_graecum_cum_variis_lec-vol4-04-Ezekiel_djvu.txt	1662987
VetusTestamentumGraecumCumVariisLecVol101Genesis	Vetus_testamentum_graecum_cum_variis_lec-vol4-05-Daniel_djvu.txt	1159439
VetusTestamentumGraecumCumVariisLecVol101Genesis	Vetus_testamentum_graecum_cum_variis_lec-vol4-06-MinorProphets_djvu.txt	1558753
walton_polyglot	1 Walton Polyglot Genesis-Leviticus_djvu.txt	4673508
walton_polyglot	1_gen-deutInColor_djvu.txt	8488460
walton_polyglot	2 Walton Polyglot Leviticus-Judges_djvu.txt	4627440
walton_polyglot	3 Walton Polyglot Numbers-Deut-Gospels_djvu.txt	4296315
walton_polyglot	4 Walton Polyglot Judges-IVKings_djvu.txt	4526944
walton_polyglot	5 Walton Polyglot IVKings-Psalms_djvu.txt	3930359
walton_polyglot	6 Walton Polyglot Psalms-Jeremiah_djvu.txt	5249739
walton_polyglot	7 Walton Polyglot Jeremiah-Ecclesiasticus_djvu.txt	5092240
walton_polyglot	8 WaltPoly8_Ecclesiasticus-Maccabees_djvu.txt	4537425
Walton-Polyglot	Merge copy_djvu.txt	4305057
WaltPoly1PrologVariantReadings	WaltPoly10_John-Rev_djvu.txt	1594690
WaltPoly1PrologVariantReadings	WaltPoly1_Prolog&VariantReadings)_djvu.txt	3352436
WaltPoly1PrologVariantReadings	WaltPoly2_Genesis-Leviticus)_djvu.txt	61713
WaltPoly1PrologVariantReadings	WaltPoly3_Leviticus-Judges)_djvu.txt	4081963
WaltPoly1PrologVariantReadings	WaltPoly4_Judges-IVKings)_djvu.txt	436240
WaltPoly1PrologVariantReadings	WaltPoly5_IVKings-Psalms)_djvu.txt	571399
WaltPoly1PrologVariantReadings	WaltPoly6_Psalms-Jeremiah)_djvu.txt	888655
WaltPoly1PrologVariantReadings	WaltPoly7_Jeremiah-Ecclesiasticus)_djvu.txt	1312240
WaltPoly1PrologVariantReadings	WaltPoly8_Ecclesiasticus-Maccabees_djvu.txt	988895
WaltPoly1PrologVariantReadings	WaltPoly9_Numbers-Deut-Gospels)_djvu.txt	1663162
wisdomofbensirap00scheuoft	wisdomofbensirap00scheuoft_djvu.txt	421366
